category,commodity,source_method,cost_basis,cost_text,meaningful_metric,driver_extraction,driver_processing,driver_energy_reagents,driver_logistics,driver_fiscal_esg,driver_structural,is_byproduct,drivers_raw,vintage
Coal & Lignite,Peat,Surface cutting / dredging of bogs (negligible in India; mainly Nilgiris/Kashmir),Per tonne (air-dried),~$5-15/t (very localised),$/GJ; rarely a traded fuel,"shallow, hand/excavator cutting; very high in-situ moisture.",extensive sun/air drying — drying is the swing cost.,minimal mechanisation.,very low energy density => uneconomic to transport far.,"wetland/peatland protection, high carbon-release sensitivity.","marginal fuel, mostly horticultural use.",FALSE,"EXTRACTION: shallow, hand/excavator cutting; very high in-situ moisture. PROCESSING: extensive sun/air drying — drying is the swing cost. ENERGY/REAGENTS: minimal mechanisation. LOGISTICS: very low energy density => uneconomic to transport far. FISCAL/ESG: wetland/peatland protection, high carbon-release sensitivity. STRUCTURAL: marginal fuel, mostly horticultural use.",2025-26
Coal & Lignite,Lignite (brown coal),"Open-pit; bucket-wheel/dragline (Neyveli TN, Gujarat, Rajasthan)",Per tonne ROM,~$8-20/t (usually mine-mouth),"$/GJ, mine-mouth","very high overburden:lignite ratio; soft, water-bearing strata needing heavy dewatering; large continuous-excavation systems.",high moisture & low GCV => mine-mouth power siting rather than transport.,electricity for dewatering pumps & conveyors; diesel for fleet.,short-haul conveyor to adjacent power plant.,"very large surface footprint, rehabilitation & land/R&R (India).",integration with captive power station dictates economics.,FALSE,"EXTRACTION: very high overburden:lignite ratio; soft, water-bearing strata needing heavy dewatering; large continuous-excavation systems. PROCESSING: high moisture & low GCV => mine-mouth power siting rather than transport. ENERGY/REAGENTS: electricity for dewatering pumps & conveyors; diesel for fleet. LOGISTICS: short-haul conveyor to adjacent power plant. FISCAL/ESG: very large surface footprint, rehabilitation & land/R&R (India). STRUCTURAL: integration with captive power station dictates economics.",2025-26
Coal & Lignite,Sub-bituminous coal,Open-pit / strip (e.g. US PRB analogue; some Indian basins),Per tonne saleable,~$10-22/t FOB mine,$/GJ at given CV,strip ratio & overburden blastability; seam thickness/continuity.,moderate moisture; limited washing.,diesel (haulage) + explosives dominate.,rail haul cost can exceed mine-gate price.,"royalties, dust/water compliance, closure.",low sulphur often a selling point; CV drives $/GJ.,FALSE,"EXTRACTION: strip ratio & overburden blastability; seam thickness/continuity. PROCESSING: moderate moisture; limited washing. ENERGY/REAGENTS: diesel (haulage) + explosives dominate. LOGISTICS: rail haul cost can exceed mine-gate price. FISCAL/ESG: royalties, dust/water compliance, closure. STRUCTURAL: low sulphur often a selling point; CV drives $/GJ.",2025-26
Coal & Lignite,Bituminous - thermal / steam (non-coking),Open-pit & underground (bulk of Indian Coal India output),Per tonne saleable,~$12-35/t FOB mine (India G-grade dependent),$/GJ; India GCV bands G1-G17 set notified price,strip ratio (open-pit) or seam depth & support (underground); dilution & seam continuity.,washing/beneficiation yield to hit ash spec (Indian coal is high-ash).,"diesel, electricity, explosives; wash-plant power.",rail to pithead-distant plants; evacuation bottlenecks.,royalty + GST compensation cess + DMF/NMET levies; land acquisition & R&R.,GCV band sets notified price; e-auction premium; mega-mine scale lowers unit cost.,FALSE,"EXTRACTION: strip ratio (open-pit) or seam depth & support (underground); dilution & seam continuity. PROCESSING: washing/beneficiation yield to hit ash spec (Indian coal is high-ash). ENERGY/REAGENTS: diesel, electricity, explosives; wash-plant power. LOGISTICS: rail to pithead-distant plants; evacuation bottlenecks. FISCAL/ESG: royalty + GST compensation cess + DMF/NMET levies; land acquisition & R&R. STRUCTURAL: GCV band sets notified price; e-auction premium; mega-mine scale lowers unit cost.",2025-26
Coal & Lignite,Bituminous - coking / metallurgical,Underground longwall or open-pit (scarce in India; largely imported),Per tonne saleable (washed),~$80-140/t cost of sales,$/t by quality tier (premium hard coking > PCI > SSCC),"seam depth, methane gas (drainage), geotechnical/outburst risk; underground ventilation & support; longwall move frequency.","washability & low yield after washing; quality spec (CSR/CSN, ash, S, volatile matter) is decisive.","high — wash plant, ventilation, support.",to coke ovens/steel plants; port for imports.,"royalty, safety regulation (gassy mines), closure.",India imports most coking coal => price exposed to seaborne premium.,FALSE,"EXTRACTION: seam depth, methane gas (drainage), geotechnical/outburst risk; underground ventilation & support; longwall move frequency. PROCESSING: washability & low yield after washing; quality spec (CSR/CSN, ash, S, volatile matter) is decisive. ENERGY/REAGENTS: high — wash plant, ventilation, support. LOGISTICS: to coke ovens/steel plants; port for imports. FISCAL/ESG: royalty, safety regulation (gassy mines), closure. STRUCTURAL: India imports most coking coal => price exposed to seaborne premium.",2025-26
Coal & Lignite,Anthracite,Underground / deep open-pit (negligible in India; some imports),Per tonne saleable,"~$90-200/t (niche, quality-dependent)",$/t by fixed-carbon & lump spec,"deep, often steep/folded seams => low productivity; high development cost.",sizing/screening for lump premium; low volatiles.,underground power & support intensive.,specialised metallurgical/heating markets.,deep-mine safety; closure.,"small, premium market (sinter, water filtration, specialty metallurgy).",FALSE,"EXTRACTION: deep, often steep/folded seams => low productivity; high development cost. PROCESSING: sizing/screening for lump premium; low volatiles. ENERGY/REAGENTS: underground power & support intensive. LOGISTICS: specialised metallurgical/heating markets. FISCAL/ESG: deep-mine safety; closure. STRUCTURAL: small, premium market (sinter, water filtration, specialty metallurgy).",2025-26
Base Metals,Copper,Open-pit (porphyry) + flotation; underground for high-grade/deep,Per tonne ore milled / per tonne Cu,"Ore: ~$8-20/t open-pit, $30-60/t underground. Metal: C1 ~$2.00-2.75/lb (~$4,400-6,000/t Cu)","C1 / AISC per lb Cu (AISC ~$1,400-3,000/t net of credits)",ore grade (%Cu) is dominant; strip ratio; depth/UG transition; ore hardness (Bond Wi).,comminution (crush+grind = bulk of mill opex); recovery & mineralogy (sulphide flotation vs oxide SX-EW leach).,"power (grinding) 25-40% of opex; reagents (collectors, lime, frother), acid for oxide.",concentrate freight + smelter TC/RC.,"tailings dam safety, water/desalination, royalties.","by-product credits (Au, Ag, Mo) can halve net cost; grade decline raises tonnes/unit metal.",FALSE,"EXTRACTION: ore grade (%Cu) is dominant; strip ratio; depth/UG transition; ore hardness (Bond Wi). PROCESSING: comminution (crush+grind = bulk of mill opex); recovery & mineralogy (sulphide flotation vs oxide SX-EW leach). ENERGY/REAGENTS: power (grinding) 25-40% of opex; reagents (collectors, lime, frother), acid for oxide. LOGISTICS: concentrate freight + smelter TC/RC. FISCAL/ESG: tailings dam safety, water/desalination, royalties. STRUCTURAL: by-product credits (Au, Ag, Mo) can halve net cost; grade decline raises tonnes/unit metal.",2025-26
Base Metals,Aluminium (Bauxite-Alumina-Al),Bauxite open-pit -> Bayer alumina refining -> Hall-Heroult smelting,Per tonne aluminium (3-stage chain),"Bauxite ~$15-35/t; alumina ~$250-400/t; primary Al cash cost ~$1,800-2,400/t",$/t Al; electricity is the master driver,"bauxite overburden ratio, Al2O3 grade, reactive silica, moisture.","Bayer (caustic soda, energy for digestion) then smelting.","SMELTING ELECTRICITY is ~30-40% of metal cost — power contract/grid carbon is decisive; caustic soda, carbon anodes, alumina feed.",bauxite->refinery->smelter proximity; ocean freight.,"red-mud (bauxite residue) disposal, PFC/CO2 emissions, carbon price.",captive vs grid power separates low-cost from high-cost smelters.,FALSE,"EXTRACTION: bauxite overburden ratio, Al2O3 grade, reactive silica, moisture. PROCESSING: Bayer (caustic soda, energy for digestion) then smelting. ENERGY/REAGENTS: SMELTING ELECTRICITY is ~30-40% of metal cost — power contract/grid carbon is decisive; caustic soda, carbon anodes, alumina feed. LOGISTICS: bauxite->refinery->smelter proximity; ocean freight. FISCAL/ESG: red-mud (bauxite residue) disposal, PFC/CO2 emissions, carbon price. STRUCTURAL: captive vs grid power separates low-cost from high-cost smelters.",2025-26
Base Metals,Lead,Underground (often with zinc/silver) + flotation,Per tonne ore milled / per tonne Pb,Ore: ~$30-60/t. Metal: C1 frequently NEGATIVE after credits,C1 per lb Pb (silver credits often dominate),"grade (%Pb), depth, ground support & backfill.",differential flotation (Pb/Zn separation) complexity; concentrate grade.,"ventilation, pumping at depth; flotation reagents.",concentrate to smelter; TC/RC & penalty elements.,"lead toxicity controls, tailings.",SILVER by-product credit often makes lead C1 negative; smelter payability terms key.,FALSE,"EXTRACTION: grade (%Pb), depth, ground support & backfill. PROCESSING: differential flotation (Pb/Zn separation) complexity; concentrate grade. ENERGY/REAGENTS: ventilation, pumping at depth; flotation reagents. LOGISTICS: concentrate to smelter; TC/RC & penalty elements. FISCAL/ESG: lead toxicity controls, tailings. STRUCTURAL: SILVER by-product credit often makes lead C1 negative; smelter payability terms key.",2025-26
Base Metals,Zinc,Underground (Hindustan Zinc) + flotation,Per tonne ore milled / per tonne Zn,Ore: ~$30-60/t. Metal: C1 ~$0.80-1.20/lb net of credits,C1 / AISC per lb Zn,"grade (%Zn), depth, development & paste backfill.",flotation to concentrate; recovery.,deep-mine ventilation/pumping; smelting electrolysis is power-intensive.,concentrate to smelter; TC/RC.,"tailings, water, royalties.",silver/lead by-product credits; smelter payability & sulphuric-acid by-product economics.,FALSE,"EXTRACTION: grade (%Zn), depth, development & paste backfill. PROCESSING: flotation to concentrate; recovery. ENERGY/REAGENTS: deep-mine ventilation/pumping; smelting electrolysis is power-intensive. LOGISTICS: concentrate to smelter; TC/RC. FISCAL/ESG: tailings, water, royalties. STRUCTURAL: silver/lead by-product credits; smelter payability & sulphuric-acid by-product economics.",2025-26
Base Metals,Nickel,Laterite open-pit (HPAL/RKEF) or sulphide underground (flotation),Per tonne ore mined / per tonne Ni,Ore mining ~$10-30/t; total-to-metal set by processing route,$/t Ni; route (HPAL vs RKEF vs sulphide) is the swing,grade & deposit type (limonite vs saprolite laterite; sulphide).,ROUTE DOMINATES — HPAL (sulphuric-acid intensive) vs RKEF (energy intensive) vs sulphide flotation+smelting.,acid (HPAL) or coal/electricity (RKEF) huge.,"ore moisture, concentrate/MHP shipping.","acid-tailings neutralisation, deep-sea tailings controversy, Indonesia export policy.",COBALT by-product credit; Indonesian RKEF flood has reset the cost curve.,FALSE,"EXTRACTION: grade & deposit type (limonite vs saprolite laterite; sulphide). PROCESSING: ROUTE DOMINATES — HPAL (sulphuric-acid intensive) vs RKEF (energy intensive) vs sulphide flotation+smelting. ENERGY/REAGENTS: acid (HPAL) or coal/electricity (RKEF) huge. LOGISTICS: ore moisture, concentrate/MHP shipping. FISCAL/ESG: acid-tailings neutralisation, deep-sea tailings controversy, Indonesia export policy. STRUCTURAL: COBALT by-product credit; Indonesian RKEF flood has reset the cost curve.",2025-26
Base Metals,Tin,Alluvial dredging/gravity or hard-rock cassiterite (flotation/gravity),Per tonne ore / per tonne Sn,"Alluvial low; hard-rock higher. Metal price ~$25,000-35,000/t Sn",$/t Sn; alluvial vs hard-rock split,cassiterite grade; alluvial (cheap gravity) vs hard-rock (drill-blast-mill).,gravity concentration; some flotation; smelting/fuming.,modest for alluvial; higher for hard-rock milling.,concentrate to smelter.,artisanal/illegal mining & conflict-mineral due diligence; dredging & river-sediment impacts.,"heavy artisanal supply (Myanmar, DRC, Indonesia) sets marginal cost; tantalum often co-recovered.",FALSE,"EXTRACTION: cassiterite grade; alluvial (cheap gravity) vs hard-rock (drill-blast-mill). PROCESSING: gravity concentration; some flotation; smelting/fuming. ENERGY/REAGENTS: modest for alluvial; higher for hard-rock milling. LOGISTICS: concentrate to smelter. FISCAL/ESG: artisanal/illegal mining & conflict-mineral due diligence; dredging & river-sediment impacts. STRUCTURAL: heavy artisanal supply (Myanmar, DRC, Indonesia) sets marginal cost; tantalum often co-recovered.",2025-26
Precious Metals,Gold,"Open-pit mill, heap leach, or underground (also by-product of Cu)",Per tonne ore milled / per ounce Au,"Ore: ~$15-45/t. Metal: AISC ~$1,000-1,500/oz (2025-26 avg ~$1,520)",AISC per troy ounce,head grade (g/t) dominant; strip ratio; depth (UG cost).,"metallurgy — free-milling vs REFRACTORY (needs roasting/pressure-ox/BIOX, big cost step); recovery.","milling energy, cyanide, lime, activated carbon.",doré is high-value/low-volume => transport trivial.,"cyanide & tailings management, jurisdiction/security risk, govt take.",oxide heap-leach (cheap) vs sulphide CIL/CIP; Ag/Cu by-product credits.,FALSE,"EXTRACTION: head grade (g/t) dominant; strip ratio; depth (UG cost). PROCESSING: metallurgy — free-milling vs REFRACTORY (needs roasting/pressure-ox/BIOX, big cost step); recovery. ENERGY/REAGENTS: milling energy, cyanide, lime, activated carbon. LOGISTICS: doré is high-value/low-volume => transport trivial. FISCAL/ESG: cyanide & tailings management, jurisdiction/security risk, govt take. STRUCTURAL: oxide heap-leach (cheap) vs sulphide CIL/CIP; Ag/Cu by-product credits.",2025-26
Precious Metals,Silver,By-product of Pb/Zn/Cu (~70%) or primary Ag mines (~30%),Per ounce Ag,"AISC ~$26-28/oz (primary, 2024 avg ~$26.86); near-zero for by-product",AISC per troy ounce (co-product method),"at primary mines, grade & depth; at polymetallic mines, silver rides on the host.",flotation/leach recovery; refining of dore/anode slimes.,shared with host metal at by-product operations.,minimal (high value density).,same as host base-metal mine.,~2/3 of supply is a BY-PRODUCT => primary-mine AISC overstates true marginal cost; cost allocation method (by-product vs co-product) changes the headline number materially.,FALSE,"EXTRACTION: at primary mines, grade & depth; at polymetallic mines, silver rides on the host. PROCESSING: flotation/leach recovery; refining of dore/anode slimes. ENERGY/REAGENTS: shared with host metal at by-product operations. LOGISTICS: minimal (high value density). FISCAL/ESG: same as host base-metal mine. STRUCTURAL: ~2/3 of supply is a BY-PRODUCT => primary-mine AISC overstates true marginal cost; cost allocation method (by-product vs co-product) changes the headline number materially.",2025-26
Precious Metals,Platinum-Group Elements (PGE),Reef/UG (Bushveld) or by-product of Ni/Cu sulphide,Per ounce (4E/6E basket),"Primary Pt AISC ~$1,000/oz (2026); basket economics",AISC per oz; '4E'/'6E' PGE basket price,"deep, narrow tabular reefs => labour-intensive, low productivity, deepening & lower grade.",complex smelting + base-metal refinery + precious-metal refinery; long pipeline lock-up.,"smelting power, reagents; South African grid risk.",concentrate within integrated complex.,"deep-mine safety, water, community, Eskom power reliability, FX (ZAR).","priced as a BASKET (Pt, Pd, Rh, Ru, Ir + Au/Ni/Cu credits) — one element's price props the whole mine; auto-catalyst demand vs EV substitution.",FALSE,"EXTRACTION: deep, narrow tabular reefs => labour-intensive, low productivity, deepening & lower grade. PROCESSING: complex smelting + base-metal refinery + precious-metal refinery; long pipeline lock-up. ENERGY/REAGENTS: smelting power, reagents; South African grid risk. LOGISTICS: concentrate within integrated complex. FISCAL/ESG: deep-mine safety, water, community, Eskom power reliability, FX (ZAR). STRUCTURAL: priced as a BASKET (Pt, Pd, Rh, Ru, Ir + Au/Ni/Cu credits) — one element's price props the whole mine; auto-catalyst demand vs EV substitution.",2025-26
Fuel & Atomic,Uranium,"ISR (in-situ recovery), open-pit, or underground (India: deep hard-rock UG, UCIL Jaduguda)",Per pound U3O8 (yellowcake),ISR/high-grade ~$15-30/lb; weighted avg ~$30-60/lb; deep low-grade $60-120+/lb,$/lb U3O8 cash + all-in,"METHOD is decisive — ISR (cheapest, >70% of world supply) vs open-pit vs deep UG (India's mode = high-cost, low-grade ~0.05% U).","leaching (acid/alkaline), milling, yellowcake precipitation; grade sets tonnes per lb.","acid/lixiviant, power; UG ventilation.","low volume, secure transport.","radiation safety, tailings (radon, long-lived), permitting & public acceptance — major cost & timeline driver.",India's deposits are low-grade => intrinsically high-cost; sometimes a by-product (Olympic Dam ~$45-50/lb).,FALSE,"EXTRACTION: METHOD is decisive — ISR (cheapest, >70% of world supply) vs open-pit vs deep UG (India's mode = high-cost, low-grade ~0.05% U). PROCESSING: leaching (acid/alkaline), milling, yellowcake precipitation; grade sets tonnes per lb. ENERGY/REAGENTS: acid/lixiviant, power; UG ventilation. LOGISTICS: low volume, secure transport. FISCAL/ESG: radiation safety, tailings (radon, long-lived), permitting & public acceptance — major cost & timeline driver. STRUCTURAL: India's deposits are low-grade => intrinsically high-cost; sometimes a by-product (Olympic Dam ~$45-50/lb).",2025-26
Fuel & Atomic,Thorium,"By-product of beach-sand monazite mining (India: Kerala, TN, Odisha coast; IREL)",Per tonne monazite / per kg Th,No standalone Th mine — recovered from monazite (~8-10% ThO2),Cost embedded in mineral-sands & REE processing,NOT mined for thorium — recovered from heavy-mineral beach sands dredged primarily for ilmenite/rutile/zircon/garnet.,"monazite cracking (acid/alkali) to separate Th, U and rare earths — chemically complex & regulated.","caustic/acid digestion, energy.",minor volume.,"monazite is radioactive (Th+U) => strict Atomic Energy regulation, secure storage of Th residues; coastal/CRZ environmental limits.","economics ride on the ilmenite/zircon/REE basket; Th itself has no current fuel-cycle market => stockpiled, not sold.",TRUE,"EXTRACTION: NOT mined for thorium — recovered from heavy-mineral beach sands dredged primarily for ilmenite/rutile/zircon/garnet. PROCESSING: monazite cracking (acid/alkali) to separate Th, U and rare earths — chemically complex & regulated. ENERGY/REAGENTS: caustic/acid digestion, energy. LOGISTICS: minor volume. FISCAL/ESG: monazite is radioactive (Th+U) => strict Atomic Energy regulation, secure storage of Th residues; coastal/CRZ environmental limits. STRUCTURAL: economics ride on the ilmenite/zircon/REE basket; Th itself has no current fuel-cycle market => stockpiled, not sold.",2025-26
Critical Minerals (India 30),Antimony,Stibnite ore mining; also by-product of Au/Pb,Per tonne Sb (metal/trioxide),"Metal ~$20,000-60,000/t (spiked 2024-25)",$/t Sb metal / ATO,"stibnite grade; small, often artisanal/underground deposits.",gravity + flotation; pyrometallurgical/hydromet to metal or trioxide.,smelting energy; modest.,concentrate to limited smelters.,arsenic association & toxicity controls; China export curbs.,"supply highly concentrated (China, Tajikistan, Russia) => geopolitical price spikes; flame-retardant & defence demand.",FALSE,"EXTRACTION: stibnite grade; small, often artisanal/underground deposits. PROCESSING: gravity + flotation; pyrometallurgical/hydromet to metal or trioxide. ENERGY/REAGENTS: smelting energy; modest. LOGISTICS: concentrate to limited smelters. FISCAL/ESG: arsenic association & toxicity controls; China export curbs. STRUCTURAL: supply highly concentrated (China, Tajikistan, Russia) => geopolitical price spikes; flame-retardant & defence demand.",2025-26
Critical Minerals (India 30),Beryllium,Bertrandite open-pit / beryl by-product of pegmatite mining,Per kg Be (in alloy/oxide),"Very high, niche; cost dominated by processing",$/kg Be; alloy/oxide spec,low-grade bertrandite or hand-cobbed beryl from pegmatites.,complex hydrometallurgy to beryllium hydroxide/oxide/metal — dominant cost.,specialised chemical processing.,tiny volumes.,SEVERE — berylliosis (chronic lung disease) => stringent dust/worker controls drive cost.,near-monopoly supply (US Spor Mountain); defence/aerospace/electronics demand.,FALSE,EXTRACTION: low-grade bertrandite or hand-cobbed beryl from pegmatites. PROCESSING: complex hydrometallurgy to beryllium hydroxide/oxide/metal — dominant cost. ENERGY/REAGENTS: specialised chemical processing. LOGISTICS: tiny volumes. FISCAL/ESG: SEVERE — berylliosis (chronic lung disease) => stringent dust/worker controls drive cost. STRUCTURAL: near-monopoly supply (US Spor Mountain); defence/aerospace/electronics demand.,2025-26
Critical Minerals (India 30),Bismuth,By-product of lead/tungsten/copper smelting & refining,Per tonne Bi,"Recovered as by-product; metal price volatile (~$8,000-40,000/t historically)",$/t Bi metal,essentially none standalone — collected in lead/W/Cu circuits.,separation from refinery slimes/residues; refining to metal.,incremental refining only.,minor.,shares host-metal footprint.,BY-PRODUCT — cost = incremental recovery vs disposal; China dominant; pharma/low-melt-alloy/lead-substitute demand.,TRUE,EXTRACTION: essentially none standalone — collected in lead/W/Cu circuits. PROCESSING: separation from refinery slimes/residues; refining to metal. ENERGY/REAGENTS: incremental refining only. LOGISTICS: minor. FISCAL/ESG: shares host-metal footprint. STRUCTURAL: BY-PRODUCT — cost = incremental recovery vs disposal; China dominant; pharma/low-melt-alloy/lead-substitute demand.,2025-26
Critical Minerals (India 30),Cobalt,By-product of copper (DRC) & nickel; minor primary,Per tonne Co,"Metal ~$33,000-56,000/t (2025-26); largely a credit to Cu/Ni",$/t Co; mostly a by-product credit,~>70% is a by-product of DRC copper; rest from nickel laterite/sulphide.,"hydromet (SX, MHP, sulphate) for battery grade.",acid/reagents in refining.,DRC->landlocked->port; concentrate/hydroxide shipping.,"DRC artisanal mining, child-labour due diligence, export bans/quotas.","by-product => supply driven by copper economics, not cobalt price; China dominates refining.",TRUE,"EXTRACTION: ~>70% is a by-product of DRC copper; rest from nickel laterite/sulphide. PROCESSING: hydromet (SX, MHP, sulphate) for battery grade. ENERGY/REAGENTS: acid/reagents in refining. LOGISTICS: DRC->landlocked->port; concentrate/hydroxide shipping. FISCAL/ESG: DRC artisanal mining, child-labour due diligence, export bans/quotas. STRUCTURAL: by-product => supply driven by copper economics, not cobalt price; China dominates refining.",2025-26
Critical Minerals (India 30),Copper,See Base Metals sheet,Per t ore / per t Cu,"C1 ~$2.00-2.75/lb (~$4,400-6,000/t Cu)",C1 / AISC per lb,ore grade (%Cu) is dominant; strip ratio; depth & open-pit-to-underground transition; ore hardness (Bond Wi).,comminution (crush+grind) is the bulk of mill opex; recovery & mineralogy (sulphide flotation vs oxide SX-EW leach).,"grinding power ~25-40% of opex; collectors, lime, frother; acid for oxide leach.",concentrate freight + smelter TC/RC charges.,"tailings dam safety, water/desalination, royalties.","by-product credits (Au, Ag, Mo) can halve net cost; grade decline; India is a large refined-copper importer with limited domestic ore. (Fuller treatment in the Base Metals entry.)",FALSE,"EXTRACTION: ore grade (%Cu) is dominant; strip ratio; depth & open-pit-to-underground transition; ore hardness (Bond Wi).; PROCESSING: comminution (crush+grind) is the bulk of mill opex; recovery & mineralogy (sulphide flotation vs oxide SX-EW leach).; ENERGY/REAGENTS: grinding power ~25-40% of opex; collectors, lime, frother; acid for oxide leach.; LOGISTICS: concentrate freight + smelter TC/RC charges.; FISCAL/ESG: tailings dam safety, water/desalination, royalties.; STRUCTURAL: by-product credits (Au, Ag, Mo) can halve net cost; grade decline; India is a large refined-copper importer with limited domestic ore. (Fuller treatment in the Base Metals entry.)",2025-26
Critical Minerals (India 30),Gallium,By-product of Bayer alumina (bauxite) & zinc processing,Per kg Ga,Recovered from process liquor; price spiked after China export curbs,$/kg Ga (purity-graded),none standalone — extracted from Bayer-process caustic liquor (alumina) or zinc residues.,solvent extraction/electrolysis to high-purity gallium.,incremental chemical recovery.,tiny volume.,shares alumina footprint.,BY-PRODUCT — China ~90%+; 2023-24 export controls caused price/availability shock; semiconductors/LEDs demand.,TRUE,EXTRACTION: none standalone — extracted from Bayer-process caustic liquor (alumina) or zinc residues. PROCESSING: solvent extraction/electrolysis to high-purity gallium. ENERGY/REAGENTS: incremental chemical recovery. LOGISTICS: tiny volume. FISCAL/ESG: shares alumina footprint. STRUCTURAL: BY-PRODUCT — China ~90%+; 2023-24 export controls caused price/availability shock; semiconductors/LEDs demand.,2025-26
Critical Minerals (India 30),Germanium,By-product of zinc refining & coal fly ash,Per kg Ge,"Recovered from zinc streams; high value, China export-controlled",$/kg Ge (zone-refined),none standalone — concentrated in zinc concentrates/residues & some lignite ash (cf. Titan Mining recovering Ge from zinc streams).,"chlorination, hydrolysis, zone refining to optical/semiconductor grade.",specialised purification.,minute volume.,host-metal footprint.,"BY-PRODUCT — China-dominated, export-controlled; fibre-optics, IR optics, semiconductors.",TRUE,"EXTRACTION: none standalone — concentrated in zinc concentrates/residues & some lignite ash (cf. Titan Mining recovering Ge from zinc streams). PROCESSING: chlorination, hydrolysis, zone refining to optical/semiconductor grade. ENERGY/REAGENTS: specialised purification. LOGISTICS: minute volume. FISCAL/ESG: host-metal footprint. STRUCTURAL: BY-PRODUCT — China-dominated, export-controlled; fibre-optics, IR optics, semiconductors.",2025-26
Critical Minerals (India 30),Graphite (natural flake),Open-pit / underground flake graphite,Per tonne concentrate,"Flake concentrate ~$400-1,000/t; battery-spheronised much higher",$/t by flake size & purity; battery (CSPG) premium,flake size distribution & carbon grade in ore; open-pit.,"flotation; for battery anode => micronising, SPHERONISATION & purification (>99.95%) — these downstream steps dominate cost.",flotation reagents; purification (thermal/HF or caustic).,concentrate shipping.,HF-purification effluent controls.,"China dominates flake + spherical; synthetic graphite (from petroleum needle coke, energy-intensive) is the substitute.",FALSE,"EXTRACTION: flake size distribution & carbon grade in ore; open-pit. PROCESSING: flotation; for battery anode => micronising, SPHERONISATION & purification (>99.95%) — these downstream steps dominate cost. ENERGY/REAGENTS: flotation reagents; purification (thermal/HF or caustic). LOGISTICS: concentrate shipping. FISCAL/ESG: HF-purification effluent controls. STRUCTURAL: China dominates flake + spherical; synthetic graphite (from petroleum needle coke, energy-intensive) is the substitute.",2025-26
Critical Minerals (India 30),Hafnium,By-product of zirconium refining (nuclear-grade Zr separation),Per kg Hf,Very high; cost = Zr/Hf separation,$/kg Hf (nuclear/superalloy grade),none — always with zircon/zirconium.,the COST IS THE SEPARATION of chemically near-identical Hf from Zr (solvent extraction) needed because nuclear Zr must be Hf-free.,"solvent-extraction chemicals, energy.",tiny.,nuclear-supply-chain controls.,BY-PRODUCT of nuclear-grade zirconium demand; superalloys & semiconductors.,TRUE,"EXTRACTION: none — always with zircon/zirconium. PROCESSING: the COST IS THE SEPARATION of chemically near-identical Hf from Zr (solvent extraction) needed because nuclear Zr must be Hf-free. ENERGY/REAGENTS: solvent-extraction chemicals, energy. LOGISTICS: tiny. FISCAL/ESG: nuclear-supply-chain controls. STRUCTURAL: BY-PRODUCT of nuclear-grade zirconium demand; superalloys & semiconductors.",2025-26
Critical Minerals (India 30),Indium,By-product of zinc refining,Per kg In,Recovered from zinc residues,$/kg In,none standalone — in zinc (sphalerite) concentrates/residues.,"leaching from residues, solvent extraction, electrorefining.",incremental hydromet.,minor.,host-metal footprint.,"BY-PRODUCT — supply tied to zinc output; ITO (indium-tin-oxide) for flat-panel/touchscreens, thin-film solar.",TRUE,"EXTRACTION: none standalone — in zinc (sphalerite) concentrates/residues. PROCESSING: leaching from residues, solvent extraction, electrorefining. ENERGY/REAGENTS: incremental hydromet. LOGISTICS: minor. FISCAL/ESG: host-metal footprint. STRUCTURAL: BY-PRODUCT — supply tied to zinc output; ITO (indium-tin-oxide) for flat-panel/touchscreens, thin-film solar.",2025-26
Critical Minerals (India 30),Lithium,See Critical/Base context; spodumene open-pit or brine evaporation,Per tonne LCE,"Spodumene ~$4,000-6,000/t LCE; brine ~$2,000-4,000/t LCE",$/t LCE or LiOH,hard-rock Li2O grade & hardness vs brine concentration & Mg:Li ratio.,spodumene roast-leach to carbonate/hydroxide (major cost) vs brine solar evaporation (climate-dependent) or Direct Lithium Extraction (DLE).,"acid/soda ash, energy for conversion.",spodumene concentrate freight to converters (mostly China).,"water use (brine), tailings.",India's J&K Reasi find is early-stage; chemical-grade conversion is where value/cost concentrates.,FALSE,"EXTRACTION: hard-rock Li2O grade & hardness vs brine concentration & Mg:Li ratio. PROCESSING: spodumene roast-leach to carbonate/hydroxide (major cost) vs brine solar evaporation (climate-dependent) or Direct Lithium Extraction (DLE). ENERGY/REAGENTS: acid/soda ash, energy for conversion. LOGISTICS: spodumene concentrate freight to converters (mostly China). FISCAL/ESG: water use (brine), tailings. STRUCTURAL: India's J&K Reasi find is early-stage; chemical-grade conversion is where value/cost concentrates.",2025-26
Critical Minerals (India 30),Molybdenum,By-product of porphyry copper; some primary Mo mines,Per tonne Mo,"Metal/oxide ~$20,000-45,000/t",$/t Mo (in oxide/ferromoly),mostly a by-product of copper porphyries (grade rides on Cu ore); primary Climax-type mines exist.,separate moly flotation circuit; roasting MoS2 to oxide (also yields rhenium).,"roasting energy, reagents.",concentrate to roasters.,SO2 capture in roasting.,by-product credit lowers copper C1; steel-alloy demand cyclical.,FALSE,"EXTRACTION: mostly a by-product of copper porphyries (grade rides on Cu ore); primary Climax-type mines exist. PROCESSING: separate moly flotation circuit; roasting MoS2 to oxide (also yields rhenium). ENERGY/REAGENTS: roasting energy, reagents. LOGISTICS: concentrate to roasters. FISCAL/ESG: SO2 capture in roasting. STRUCTURAL: by-product credit lowers copper C1; steel-alloy demand cyclical.",2025-26
Critical Minerals (India 30),Niobium,Pyrochlore in carbonatites (open-pit; Brazil/CBMM dominant),Per tonne Nb (in FeNb),Low at Brazilian scale; project-specific elsewhere,$/t Nb (ferroniobium),pyrochlore grade in weathered carbonatite; open-pit.,flotation/magnetic concentration; aluminothermic reduction to ferroniobium.,reduction energy.,FeNb to steelmakers.,"tailings, radioactivity (U/Th in pyrochlore).",~90% from one Brazilian producer (CBMM) => scale-driven low cost; HSLA steel & superalloy demand.,FALSE,"EXTRACTION: pyrochlore grade in weathered carbonatite; open-pit. PROCESSING: flotation/magnetic concentration; aluminothermic reduction to ferroniobium. ENERGY/REAGENTS: reduction energy. LOGISTICS: FeNb to steelmakers. FISCAL/ESG: tailings, radioactivity (U/Th in pyrochlore). STRUCTURAL: ~90% from one Brazilian producer (CBMM) => scale-driven low cost; HSLA steel & superalloy demand.",2025-26
Critical Minerals (India 30),Nickel,See Base Metals sheet,Per t ore / per t Ni,Mining ~$10-30/t ore; route-driven to metal,$/t Ni,grade & deposit type (limonite vs saprolite laterite; sulphide).,route dominates - HPAL (acid-intensive) vs RKEF (energy-intensive) vs sulphide flotation+smelting.,sulphuric acid (HPAL) or coal/electricity (RKEF); reagents.,ore moisture; MHP/concentrate shipping.,acid-tailings neutralisation; deep-sea tailings controversy; Indonesia export policy.,cobalt by-product credit; Indonesian RKEF expansion has reset the cost curve; India is import-dependent. (Fuller treatment in the Base Metals entry.),FALSE,EXTRACTION: grade & deposit type (limonite vs saprolite laterite; sulphide).; PROCESSING: route dominates - HPAL (acid-intensive) vs RKEF (energy-intensive) vs sulphide flotation+smelting.; ENERGY/REAGENTS: sulphuric acid (HPAL) or coal/electricity (RKEF); reagents.; LOGISTICS: ore moisture; MHP/concentrate shipping.; FISCAL/ESG: acid-tailings neutralisation; deep-sea tailings controversy; Indonesia export policy.; STRUCTURAL: cobalt by-product credit; Indonesian RKEF expansion has reset the cost curve; India is import-dependent. (Fuller treatment in the Base Metals entry.),2025-26
Critical Minerals (India 30),PGE (Platinum-Group),See Precious Metals sheet,Per oz (4E/6E basket),"Primary Pt AISC ~$1,000/oz",AISC per oz; basket,"deep, narrow tabular reefs => labour-intensive, low productivity, deepening & falling grade.",complex smelting + base-metal refinery + precious-metal refinery; long pipeline lock-up.,"smelting power, reagents; South African grid risk.",handled within the integrated complex.,"deep-mine safety, water, community, power reliability, FX (ZAR).","priced as a basket (Pt, Pd, Rh, Ru, Ir + Au/Ni/Cu credits); auto-catalyst demand vs EV substitution. (Fuller treatment in the Precious Metals entry.)",FALSE,"EXTRACTION: deep, narrow tabular reefs => labour-intensive, low productivity, deepening & falling grade.; PROCESSING: complex smelting + base-metal refinery + precious-metal refinery; long pipeline lock-up.; ENERGY/REAGENTS: smelting power, reagents; South African grid risk.; LOGISTICS: handled within the integrated complex.; FISCAL/ESG: deep-mine safety, water, community, power reliability, FX (ZAR).; STRUCTURAL: priced as a basket (Pt, Pd, Rh, Ru, Ir + Au/Ni/Cu credits); auto-catalyst demand vs EV substitution. (Fuller treatment in the Precious Metals entry.)",2025-26
Critical Minerals (India 30),Phosphorous (phosphate rock),Open-pit phosphate rock (see Bulk sheet),Per tonne rock,~$30-60/t rock,$/t at given P2O5,P2O5 grade & gangue; overburden ratio.,beneficiation (flotation/washing) for low grade; cadmium/uranium penalties.,beneficiation power/water; downstream acidulation.,bulk shipping.,"cadmium limits, gypsum (phosphogypsum) waste.",India imports most rock/DAP => food-security 'fertilizer mineral'; price tied to global P market.,FALSE,"EXTRACTION: P2O5 grade & gangue; overburden ratio. PROCESSING: beneficiation (flotation/washing) for low grade; cadmium/uranium penalties. ENERGY/REAGENTS: beneficiation power/water; downstream acidulation. LOGISTICS: bulk shipping. FISCAL/ESG: cadmium limits, gypsum (phosphogypsum) waste. STRUCTURAL: India imports most rock/DAP => food-security 'fertilizer mineral'; price tied to global P market.",2025-26
Critical Minerals (India 30),Potash,Underground conventional or solution mining; brine evaporation,Per tonne KCl (MOP),Cash cost ~$100-200/t (low-cost Saskatchewan lower),$/t KCl (MOP/SOP),depth & seam thickness; conventional UG vs SOLUTION mining vs brine ponds.,flotation/crystallisation; compaction.,solution-mining energy; evaporation.,bulk rail/port — logistics is a large share.,"brine/tailings salt management, subsidence.","India imports ~100% => 'fertilizer mineral' for food security; oligopolistic global supply (Canada, Russia, Belarus).",FALSE,"EXTRACTION: depth & seam thickness; conventional UG vs SOLUTION mining vs brine ponds. PROCESSING: flotation/crystallisation; compaction. ENERGY/REAGENTS: solution-mining energy; evaporation. LOGISTICS: bulk rail/port — logistics is a large share. FISCAL/ESG: brine/tailings salt management, subsidence. STRUCTURAL: India imports ~100% => 'fertilizer mineral' for food security; oligopolistic global supply (Canada, Russia, Belarus).",2025-26
Critical Minerals (India 30),REE (Rare Earths),Bastnaesite/monazite (open-pit) or ionic-clay; India: beach-sand monazite,Per kg/tonne REO (separated oxides),Blended ~US$70/kg needed for viable IRR; heavy REE far costlier,"$/kg by individual oxide (NdPr, Dy, Tb premium)",total REO grade & the mix (magnet/heavy REE value vs cheap La/Ce).,SEPARATION is the cost — cracking + dozens of solvent-extraction stages to split chemically similar elements; radioactive Th/U in monazite complicates.,huge acid/solvent consumption; effluent.,concentrate to separation plants.,"Th/U radioactive residues (Atomic Energy rules in India), effluent.","China ~60% mining, ~90% separation => the bottleneck & price-setter; mining is easy, SEPARATION is the moat.",FALSE,"EXTRACTION: total REO grade & the mix (magnet/heavy REE value vs cheap La/Ce). PROCESSING: SEPARATION is the cost — cracking + dozens of solvent-extraction stages to split chemically similar elements; radioactive Th/U in monazite complicates. ENERGY/REAGENTS: huge acid/solvent consumption; effluent. LOGISTICS: concentrate to separation plants. FISCAL/ESG: Th/U radioactive residues (Atomic Energy rules in India), effluent. STRUCTURAL: China ~60% mining, ~90% separation => the bottleneck & price-setter; mining is easy, SEPARATION is the moat.",2025-26
Critical Minerals (India 30),Rhenium,By-product of molybdenum roasting (from Cu-Mo porphyries),Per kg Re,"Very high (~$1,000-2,500/kg historically)",$/kg Re (perrhenate/metal),none — captured from MoS2 roaster flue gases.,"scrubbing flue dust, precipitation to ammonium perrhenate.",incremental to moly roasting.,minute.,flue-gas capture.,BY-PRODUCT of a by-product (Re<-Mo<-Cu) => supply very inelastic; superalloy turbine blades & Pt-Re reforming catalysts.,TRUE,"EXTRACTION: none — captured from MoS2 roaster flue gases. PROCESSING: scrubbing flue dust, precipitation to ammonium perrhenate. ENERGY/REAGENTS: incremental to moly roasting. LOGISTICS: minute. FISCAL/ESG: flue-gas capture. STRUCTURAL: BY-PRODUCT of a by-product (Re<-Mo<-Cu) => supply very inelastic; superalloy turbine blades & Pt-Re reforming catalysts.",2025-26
Critical Minerals (India 30),Silicon (metallurgical),Quartz/silica + carbothermic reduction in arc furnace,Per tonne Si metal,"Met-grade Si ~$1,500-3,000/t; polysilicon far higher",$/t Si; power is master driver,silica (quartz) is cheap & abundant — purity/Fe content matters.,submerged-arc furnace carbothermic reduction (quartz + carbon).,ELECTRICITY (12-13 MWh/t Si) + carbon reductants dominate — effectively an electricity-into-metal business.,bulk.,"furnace CO2, microsilica by-product.",cheap-power regions win; polysilicon (solar/semis) adds another energy-intensive refining tier.,FALSE,"EXTRACTION: silica (quartz) is cheap & abundant — purity/Fe content matters. PROCESSING: submerged-arc furnace carbothermic reduction (quartz + carbon). ENERGY/REAGENTS: ELECTRICITY (12-13 MWh/t Si) + carbon reductants dominate — effectively an electricity-into-metal business. LOGISTICS: bulk. FISCAL/ESG: furnace CO2, microsilica by-product. STRUCTURAL: cheap-power regions win; polysilicon (solar/semis) adds another energy-intensive refining tier.",2025-26
Critical Minerals (India 30),Strontium,Celestine (SrSO4) open-pit; small market,Per tonne Sr (as carbonate),Project-specific; small global market,$/t strontium carbonate,celestine grade; simple open-pit.,conversion to strontium carbonate (black-ash/soda process).,conversion energy/reagents.,bulk.,standard quarry controls.,"small, concentrated supply (China, Spain, Mexico, Iran); ceramics, pyrotechnics, specialty magnets.",FALSE,"EXTRACTION: celestine grade; simple open-pit. PROCESSING: conversion to strontium carbonate (black-ash/soda process). ENERGY/REAGENTS: conversion energy/reagents. LOGISTICS: bulk. FISCAL/ESG: standard quarry controls. STRUCTURAL: small, concentrated supply (China, Spain, Mexico, Iran); ceramics, pyrotechnics, specialty magnets.",2025-26
Critical Minerals (India 30),Tantalum,"Tantalite/columbite, tin-slag by-product, artisanal coltan",Per kg/lb Ta2O5,High; artisanal supply sets margin,$/lb Ta2O5 in concentrate,"low-grade pegmatites; often artisanal (coltan, Central Africa) or a tin by-product.",gravity/magnetic concentration; solvent extraction to oxides/metal.,hydromet refining.,concentrate to processors.,CONFLICT-MINERAL (3TG) due diligence is a major cost/compliance driver.,capacitor (electronics) demand; supply partly artisanal & geopolitically sensitive.,FALSE,"EXTRACTION: low-grade pegmatites; often artisanal (coltan, Central Africa) or a tin by-product. PROCESSING: gravity/magnetic concentration; solvent extraction to oxides/metal. ENERGY/REAGENTS: hydromet refining. LOGISTICS: concentrate to processors. FISCAL/ESG: CONFLICT-MINERAL (3TG) due diligence is a major cost/compliance driver. STRUCTURAL: capacitor (electronics) demand; supply partly artisanal & geopolitically sensitive.",2025-26
Critical Minerals (India 30),Tellurium,By-product of copper electrorefining (anode slimes),Per kg Te,Recovered from anode slimes; small market,$/kg Te,"none — concentrated in copper-refinery anode slimes (alongside Se, Au, Ag).",leaching/precipitation from slimes; refining.,incremental.,minute.,host-refinery footprint.,BY-PRODUCT — supply tied to copper refining volumes; CdTe thin-film solar & thermoelectrics.,TRUE,"EXTRACTION: none — concentrated in copper-refinery anode slimes (alongside Se, Au, Ag). PROCESSING: leaching/precipitation from slimes; refining. ENERGY/REAGENTS: incremental. LOGISTICS: minute. FISCAL/ESG: host-refinery footprint. STRUCTURAL: BY-PRODUCT — supply tied to copper refining volumes; CdTe thin-film solar & thermoelectrics.",2025-26
Critical Minerals (India 30),Tin,See Base Metals sheet,Per t Sn,"Metal ~$25,000-35,000/t",$/t Sn,cassiterite grade; alluvial (cheap gravity) vs hard-rock (drill-blast-mill).,"gravity concentration, some flotation; smelting/fuming.",modest for alluvial; higher for hard-rock milling.,concentrate to smelters.,artisanal/illegal mining & 3TG conflict-mineral due diligence; dredging/river-sediment impacts.,"heavy artisanal supply (Myanmar, DRC, Indonesia) sets marginal cost; tantalum often co-recovered; solder/electronics demand. (Fuller treatment in the Base Metals entry.)",FALSE,"EXTRACTION: cassiterite grade; alluvial (cheap gravity) vs hard-rock (drill-blast-mill).; PROCESSING: gravity concentration, some flotation; smelting/fuming.; ENERGY/REAGENTS: modest for alluvial; higher for hard-rock milling.; LOGISTICS: concentrate to smelters.; FISCAL/ESG: artisanal/illegal mining & 3TG conflict-mineral due diligence; dredging/river-sediment impacts.; STRUCTURAL: heavy artisanal supply (Myanmar, DRC, Indonesia) sets marginal cost; tantalum often co-recovered; solder/electronics demand. (Fuller treatment in the Base Metals entry.)",2025-26
Critical Minerals (India 30),Titanium (mineral sands),Ilmenite/rutile beach-sand dredging & dry mining (India: coastal sands),Per tonne ilmenite/rutile,Ilmenite ~$150-300/t; rutile higher; sponge/pigment downstream,$/t feedstock; TiO2 pigment vs sponge metal,heavy-mineral % in sand; dredge/spiral concentration (low energy).,gravity + magnetic + electrostatic separation; upgrading to slag/synthetic rutile; then chloride/sulphate pigment or Kroll sponge (energy-intensive).,Kroll process (Mg reduction) is very energy- & chlorine-intensive for metal.,bulk concentrate.,"monazite/Th radioactivity in the same sands (Atomic Energy rules), CRZ coastal limits.","cheap to mine, expensive to turn into metal; co-produces zircon, REE, garnet.",FALSE,"EXTRACTION: heavy-mineral % in sand; dredge/spiral concentration (low energy). PROCESSING: gravity + magnetic + electrostatic separation; upgrading to slag/synthetic rutile; then chloride/sulphate pigment or Kroll sponge (energy-intensive). ENERGY/REAGENTS: Kroll process (Mg reduction) is very energy- & chlorine-intensive for metal. LOGISTICS: bulk concentrate. FISCAL/ESG: monazite/Th radioactivity in the same sands (Atomic Energy rules), CRZ coastal limits. STRUCTURAL: cheap to mine, expensive to turn into metal; co-produces zircon, REE, garnet.",2025-26
Critical Minerals (India 30),Tungsten,Wolframite/scheelite (UG/open-pit); China dominant,Per tonne W (in APT),"WO3/APT ~$30,000-45,000/t basis",$/mtu WO3; APT price,scheelite/wolframite grade; hard-rock UG or open-pit.,gravity + flotation; conversion to ammonium paratungstate (APT) then carbide.,milling + hydromet to APT.,concentrate to APT plants.,tailings; China export policy.,China ~80% supply & APT processing => price/availability lever; cemented-carbide & defence demand.,FALSE,EXTRACTION: scheelite/wolframite grade; hard-rock UG or open-pit. PROCESSING: gravity + flotation; conversion to ammonium paratungstate (APT) then carbide. ENERGY/REAGENTS: milling + hydromet to APT. LOGISTICS: concentrate to APT plants. FISCAL/ESG: tailings; China export policy. STRUCTURAL: China ~80% supply & APT processing => price/availability lever; cemented-carbide & defence demand.,2025-26
Critical Minerals (India 30),Vanadium,By-product of titaniferous magnetite / steel slag; some primary,Per kg V (as V2O5),V2O5 price volatile (~$5-12/lb V2O5 historically),$/lb V2O5; $/kgV,mostly recovered from vanadiferous magnetite during steelmaking (slag) or from primary V deposits/stone-coal.,salt-roast + leach to V2O5; ferrovanadium.,"roasting energy, reagents.",modest.,roasting emissions.,steel-rebar demand (cyclical) + emerging vanadium-redox-flow batteries; co-product economics with steel.,TRUE,"EXTRACTION: mostly recovered from vanadiferous magnetite during steelmaking (slag) or from primary V deposits/stone-coal. PROCESSING: salt-roast + leach to V2O5; ferrovanadium. ENERGY/REAGENTS: roasting energy, reagents. LOGISTICS: modest. FISCAL/ESG: roasting emissions. STRUCTURAL: steel-rebar demand (cyclical) + emerging vanadium-redox-flow batteries; co-product economics with steel.",2025-26
Critical Minerals (India 30),Zirconium (zircon),By-product of titanium mineral-sands mining,Per tonne zircon,"Zircon ~$1,500-2,500/t; nuclear-grade Zr metal far higher",$/t zircon; nuclear Zr separate,none standalone — co-mined with ilmenite/rutile in beach sands.,"physical separation of zircon; for nuclear Zr, costly Hf removal (see Hafnium).",separation; chlorination for metal.,bulk concentrate.,low-level radioactivity (U/Th) in zircon; coastal limits.,ceramics/refractory demand for zircon; small high-value nuclear-grade Zr metal niche.,TRUE,"EXTRACTION: none standalone — co-mined with ilmenite/rutile in beach sands. PROCESSING: physical separation of zircon; for nuclear Zr, costly Hf removal (see Hafnium). ENERGY/REAGENTS: separation; chlorination for metal. LOGISTICS: bulk concentrate. FISCAL/ESG: low-level radioactivity (U/Th) in zircon; coastal limits. STRUCTURAL: ceramics/refractory demand for zircon; small high-value nuclear-grade Zr metal niche.",2025-26
Critical Minerals (India 30),Selenium,By-product of copper electrorefining (anode slimes),Per kg Se,Recovered from anode slimes,$/kg Se,none — in copper-refinery anode slimes.,"roasting/leaching of slimes, reduction to commercial selenium.",incremental.,minor.,host-refinery footprint.,"BY-PRODUCT — supply tied to copper electrorefining; glass, metallurgy, electronics.",TRUE,"EXTRACTION: none — in copper-refinery anode slimes. PROCESSING: roasting/leaching of slimes, reduction to commercial selenium. ENERGY/REAGENTS: incremental. LOGISTICS: minor. FISCAL/ESG: host-refinery footprint. STRUCTURAL: BY-PRODUCT — supply tied to copper electrorefining; glass, metallurgy, electronics.",2025-26
Critical Minerals (India 30),Cadmium,By-product of zinc smelting,Per tonne Cd,"Recovered from zinc; low value, often a cost to manage",$/t Cd,none — collected in zinc smelter dusts/residues.,distillation/electrowinning from zinc circuit.,incremental.,minor.,"HIGH — cadmium is toxic; capture is partly driven by emission control, not revenue.","BY-PRODUCT — supply tied to zinc; NiCd batteries (declining), pigments; environmental restriction is the dominant 'cost driver'.",TRUE,"EXTRACTION: none — collected in zinc smelter dusts/residues. PROCESSING: distillation/electrowinning from zinc circuit. ENERGY/REAGENTS: incremental. LOGISTICS: minor. FISCAL/ESG: HIGH — cadmium is toxic; capture is partly driven by emission control, not revenue. STRUCTURAL: BY-PRODUCT — supply tied to zinc; NiCd batteries (declining), pigments; environmental restriction is the dominant 'cost driver'.",2025-26
Bulk & Industrial,"Iron Ore (seaborne, hematite)",Open-pit,"Per tonne saleable ore (FOB, C1)","Low-cost majors ~$18-30/t (Rio ~$23.5, BHP/FMG ~$18-19); marginal $50-100+/t",C1 per tonne; adjusted to 62% Fe reference,Fe grade & gangue (silica/alumina/P); hematite (direct-ship) vs magnetite (needs concentration); strip ratio; ore hardness.,crush-screen vs beneficiation (DR-grade vs blast-furnace); lump:fines ratio (lump premium).,"diesel haulage, crushing power.",RAIL TO PORT + shiploading + ocean freight — huge share; product blending to spec.,"tailings dam safety, water, royalties; currency (AUD/BRL).",scale & infrastructure ownership; grade decline.,FALSE,"EXTRACTION: Fe grade & gangue (silica/alumina/P); hematite (direct-ship) vs magnetite (needs concentration); strip ratio; ore hardness. PROCESSING: crush-screen vs beneficiation (DR-grade vs blast-furnace); lump:fines ratio (lump premium). ENERGY/REAGENTS: diesel haulage, crushing power. LOGISTICS: RAIL TO PORT + shiploading + ocean freight — huge share; product blending to spec. FISCAL/ESG: tailings dam safety, water, royalties; currency (AUD/BRL). STRUCTURAL: scale & infrastructure ownership; grade decline.",2025-26
Bulk & Industrial,Manganese Ore,Open-cut / underground,Per tonne saleable (FOB); priced per dmtu,~$20-50/t FOB (GEMCO among lowest),$/dmtu (~$4-5) x Mn%,Mn grade (drives $/dmtu) & impurities (Fe/Si/P); open-cut vs UG.,dense-media/gravity beneficiation; lump vs fines.,beneficiation power.,haul to port + ocean freight + moisture.,"state royalties, weather/cyclone (NT), export-policy risk (Gabon).",ferroalloy/steel demand; currency.,FALSE,"EXTRACTION: Mn grade (drives $/dmtu) & impurities (Fe/Si/P); open-cut vs UG. PROCESSING: dense-media/gravity beneficiation; lump vs fines. ENERGY/REAGENTS: beneficiation power. LOGISTICS: haul to port + ocean freight + moisture. FISCAL/ESG: state royalties, weather/cyclone (NT), export-policy risk (Gabon). STRUCTURAL: ferroalloy/steel demand; currency.",2025-26
Bulk & Industrial,Limestone (cement/flux/aggregate),Open-pit quarry,Per tonne ROM/product,~$3-10/t,Delivered $/t at kiln (haulage dominates),overburden ratio; CaO purity & deleterious content (MgO/silica/alkalis); blast fragmentation.,crushing (energy & maintenance).,"crusher power, diesel.",QUARRY-TO-PLANT HAULAGE is the swing cost.,"dust/blast-vibration limits, water table, royalties, reserve life vs plant.",captive to cement plant economics.,FALSE,"EXTRACTION: overburden ratio; CaO purity & deleterious content (MgO/silica/alkalis); blast fragmentation. PROCESSING: crushing (energy & maintenance). ENERGY/REAGENTS: crusher power, diesel. LOGISTICS: QUARRY-TO-PLANT HAULAGE is the swing cost. FISCAL/ESG: dust/blast-vibration limits, water table, royalties, reserve life vs plant. STRUCTURAL: captive to cement plant economics.",2025-26
Bulk & Industrial,Chromite,Open-cast / underground (India: Odisha Sukinda),Per tonne ore,~$30-80/t,$/t by grade; ferrochrome conversion,Cr2O3 grade & Cr:Fe ratio; open-cast vs deepening UG.,spiral/gravity/DMS beneficiation; lumpy vs friable fines.,beneficiation + captive power for downstream ferrochrome.,haul to smelter.,"Cr(VI) contamination controls, water; export duty/policy.",stainless-steel demand; integration with ferrochrome.,FALSE,"EXTRACTION: Cr2O3 grade & Cr:Fe ratio; open-cast vs deepening UG. PROCESSING: spiral/gravity/DMS beneficiation; lumpy vs friable fines. ENERGY/REAGENTS: beneficiation + captive power for downstream ferrochrome. LOGISTICS: haul to smelter. FISCAL/ESG: Cr(VI) contamination controls, water; export duty/policy. STRUCTURAL: stainless-steel demand; integration with ferrochrome.",2025-26
Bulk & Industrial,Phosphate Rock,Open-pit,Per tonne rock,~$30-60/t,$/t at given P2O5,P2O5 grade & gangue; overburden.,flotation/washing for low grade; cadmium/uranium penalties.,beneficiation water/power.,bulk shipping.,"phosphogypsum waste, cadmium limits.",fertilizer/food-security mineral; India import-dependent.,FALSE,"EXTRACTION: P2O5 grade & gangue; overburden. PROCESSING: flotation/washing for low grade; cadmium/uranium penalties. ENERGY/REAGENTS: beneficiation water/power. LOGISTICS: bulk shipping. FISCAL/ESG: phosphogypsum waste, cadmium limits. STRUCTURAL: fertilizer/food-security mineral; India import-dependent.",2025-26
Bulk & Industrial,Construction Aggregates / Silica Sand,Quarry / dredging,Per tonne,~$3-12/t,Delivered $/t (very low value-to-weight),"rock hardness & crushing stages; for sand, SiO2 purity & iron content.",crushing/screening; washing (silica).,crusher power.,HAULAGE DOMINATES — economics collapse beyond ~50-100 km.,"permitting, dust, river-sand/dredging bans (India), royalties.",tied to local construction demand & urban proximity.,FALSE,"EXTRACTION: rock hardness & crushing stages; for sand, SiO2 purity & iron content. PROCESSING: crushing/screening; washing (silica). ENERGY/REAGENTS: crusher power. LOGISTICS: HAULAGE DOMINATES — economics collapse beyond ~50-100 km. FISCAL/ESG: permitting, dust, river-sand/dredging bans (India), royalties. STRUCTURAL: tied to local construction demand & urban proximity.",2025-26
